# Symbol;Z;N;atomic_mass(MeV)
H;1;1;938.783
H;1;2;1876.12
H;1;3;2809.76
H;1;4;3751.9
H;1;5;4694.3
H;1;6;5630.83
He;2;3;2810.25
He;2;4;3728.44
He;2;5;4668.85
He;2;6;5606.56
He;2;7;6546.57
He;2;8;7483.55
He;2;9;8424.26
He;2;10;9363.75
Li;3;4;3751.29
Li;3;5;4669.15
Li;3;6;5603.05
Li;3;7;6535.36
Li;3;8;7472.9
Li;3;9;8408.4
Li;3;10;9348.01
Li;3;11;10287.2
Li;3;12;11228.0
Be;4;5;4695.47
Be;4;6;5607.34
Be;4;7;6536.23
Be;4;8;7456.9
Be;4;9;8394.79
Be;4;10;9327.52
Be;4;11;10266.6
Be;4;12;11203.0
Be;4;13;12143.0
Be;4;14;13080.8
B;5;7;6548.33
B;5;8;7474.88
B;5;9;8395.86
B;5;10;9326.96
B;5;11;10255.1
B;5;12;11191.3
B;5;13;12126.0
B;5;14;13064.6
B;5;15;14001.4
B;5;16;14941.0
B;5;17;15879.1
B;5;18;16819.2
B;5;19;17757.7
C;6;8;7487.05
C;6;9;8412.36
C;6;10;9330.68
C;6;11;10257.1
C;6;12;11177.9
C;6;13;12112.6
C;6;14;13043.9
C;6;15;13982.3
C;6;16;14917.6
C;6;17;15856.5
C;6;18;16791.9
C;6;19;17731.3
C;6;20;18667.4
C;6;21;19607.3
C;6;22;20545.5
N;7;10;9354.62
N;7;11;10271.4
N;7;12;11195.3
N;7;13;12114.7
N;7;14;13043.8
N;7;15;13972.5
N;7;16;14909.6
N;7;17;15843.2
N;7;18;16780.0
N;7;19;17714.2
N;7;20;18651.7
N;7;21;19586.6
N;7;22;20524.9
N;7;23;21462.1
N;7;24;22402.9
O;8;12;11210.0
O;8;13;12132.5
O;8;14;13048.9
O;8;15;13975.3
O;8;16;14899.2
O;8;17;15834.6
O;8;18;16766.1
O;8;19;17701.7
O;8;20;18633.7
O;8;21;19569.5
O;8;22;20502.2
O;8;23;21439.0
O;8;24;22374.9
O;8;25;23314.5
O;8;26;24254.0
F;9;14;13074.5
F;9;15;13989.2
F;9;16;14914.6
F;9;17;15837.4
F;9;18;16767.7
F;9;19;17696.9
F;9;20;18629.9
F;9;21;19561.3
F;9;22;20495.7
F;9;23;21427.7
F;9;24;22363.4
F;9;25;23298.6
F;9;26;24237.1
F;9;27;25175.4
F;9;28;26115.1
F;9;29;27053.7
Ne;10;16;14927.9
Ne;10;17;15851.9
Ne;10;18;16772.2
Ne;10;19;17700.2
Ne;10;20;18622.8
Ne;10;21;19555.6
Ne;10;22;20484.9
Ne;10;23;21419.2
Ne;10;24;22349.9
Ne;10;25;23285.3
Ne;10;26;24219.3
Ne;10;27;25157.4
Ne;10;28;26093.1
Ne;10;29;27031.3
Ne;10;30;27967.1
Ne;10;31;28907.1
Ne;10;32;29845.0
Na;11;18;16792.2
Na;11;19;17711.3
Na;11;20;18636.7
Na;11;21;19559.2
Na;11;22;20487.7
Na;11;23;21414.9
Na;11;24;22347.5
Na;11;25;23278.0
Na;11;26;24212.0
Na;11;27;25144.7
Na;11;28;26080.8
Na;11;29;27015.9
Na;11;30;27953.4
Na;11;31;28889.0
Na;11;32;29826.1
Na;11;33;30764.8
Na;11;34;31703.3
Na;11;35;32643.5
Mg;12;20;18647.5
Mg;12;21;19572.3
Mg;12;22;20492.5
Mg;12;23;21418.9
Mg;12;24;22341.9
Mg;12;25;23274.1
Mg;12;26;24202.6
Mg;12;27;25135.7
Mg;12;28;26066.8
Mg;12;29;27002.7
Mg;12;30;27936.0
Mg;12;31;28873.1
Mg;12;32;29807.1
Mg;12;33;30744.5
Mg;12;34;31679.3
Mg;12;35;32618.6
Mg;12;36;33554.7
Mg;12;37;34494.3
Al;13;21;19587.5
Al;13;22;20511.0
Al;13;23;21431.2
Al;13;24;22355.8
Al;13;25;23278.4
Al;13;26;24206.6
Al;13;27;25133.1
Al;13;28;26065.0
Al;13;29;26995.1
Al;13;30;27929.0
Al;13;31;28861.3
Al;13;32;29796.7
Al;13;33;30730.8
Al;13;34;31667.9
Al;13;35;32602.2
Al;13;36;33539.7
Al;13;37;34474.9
Al;13;38;35412.5
Al;13;39;36348.7
Si;14;22;20525.0
Si;14;23;21448.1
Si;14;24;22366.6
Si;14;25;23291.2
Si;14;26;24211.7
Si;14;27;25137.9
Si;14;28;26060.3
Si;14;29;26991.4
Si;14;30;27920.4
Si;14;31;28853.4
Si;14;32;29783.7
Si;14;33;30718.8
Si;14;34;31650.9
Si;14;35;32587.9
Si;14;36;33521.4
Si;14;37;34458.8
Si;14;38;35393.0
Si;14;39;36330.4
Si;14;40;37265.2
Si;14;41;38203.1
Si;14;42;39137.7
P;15;24;22387.8
P;15;25;23306.3
P;15;26;24229.8
P;15;27;25149.6
P;15;28;26074.7
P;15;29;26996.4
P;15;30;27924.6
P;15;31;28851.9
P;15;32;29783.5
P;15;33;30712.9
P;15;34;31646.2
P;15;35;32577.4
P;15;36;33513.6
P;15;37;34446.3
P;15;38;35382.3
P;15;39;36315.6
P;15;40;37251.5
P;15;41;38186.4
P;15;42;39122.8
P;15;43;40057.3
P;15;44;40995.0
P;15;45;41931.3
P;15;46;42870.9
S;16;26;24244.8
S;16;27;25167.9
S;16;28;26085.9
S;16;29;27010.2
S;16;30;27930.8
S;16;31;28857.3
S;16;32;29781.8
S;16;33;30712.8
S;16;34;31640.9
S;16;35;32573.4
S;16;36;33503.1
S;16;37;34438.4
S;16;38;35369.9
S;16;39;36305.1
S;16;40;37236.9
S;16;41;38172.6
S;16;42;39105.5
S;16;43;40041.8
S;16;44;40974.8
S;16;45;41912.4
S;16;46;42848.4
S;16;47;43787.3
S;16;48;44723.8
S;16;49;45663.7
Cl;17;28;26108.4
Cl;17;29;27026.5
Cl;17;30;27949.3
Cl;17;31;28869.2
Cl;17;32;29794.5
Cl;17;33;30718.3
Cl;17;34;31646.4
Cl;17;35;32573.3
Cl;17;36;33504.3
Cl;17;37;34433.5
Cl;17;38;35367.0
Cl;17;39;36298.5
Cl;17;40;37232.2
Cl;17;41;38163.9
Cl;17;42;39097.8
Cl;17;43;40030.2
Cl;17;44;40965.7
Cl;17;45;41898.3
Cl;17;46;42833.9
Cl;17;47;43768.9
Cl;17;48;44706.9
Cl;17;49;45643.1
Cl;17;50;46581.9
Cl;17;51;47518.8
Ar;18;30;27964.9
Ar;18;31;28887.6
Ar;18;32;29805.7
Ar;18;33;30729.9
Ar;18;34;31652.4
Ar;18;35;32579.3
Ar;18;36;33503.5
Ar;18;37;34434.4
Ar;18;38;35362.0
Ar;18;39;36295.0
Ar;18;40;37224.7
Ar;18;41;38158.2
Ar;18;42;39088.4
Ar;18;43;40022.3
Ar;18;44;40953.5
Ar;18;45;41887.5
Ar;18;46;42819.0
Ar;18;47;43754.3
Ar;18;48;44688.5
Ar;18;49;45626.6
Ar;18;50;46561.6
Ar;18;51;47499.9
Ar;18;52;48436.0
Ar;18;53;49375.0
K;19;32;29828.2
K;19;33;30746.1
K;19;34;31669.3
K;19;35;32591.1
K;19;36;33516.4
K;19;37;34440.5
K;19;38;35368.0
K;19;39;36294.5
K;19;40;37226.2
K;19;41;38155.7
K;19;42;39087.7
K;19;43;40017.6
K;19;44;40950.0
K;19;45;41880.6
K;19;46;42813.3
K;19;47;43744.5
K;19;48;44679.6
K;19;49;45612.8
K;19;50;46549.4
K;19;51;47484.2
K;19;52;48421.5
K;19;53;49357.2
K;19;54;50295.1
K;19;55;51231.6
Ca;20;34;31683.9
Ca;20;35;32606.8
Ca;20;36;33527.4
Ca;20;37;34452.1
Ca;20;38;35374.7
Ca;20;39;36301.0
Ca;20;40;37224.9
Ca;20;41;38156.1
Ca;20;42;39084.2
Ca;20;43;40015.9
Ca;20;44;40944.3
Ca;20;45;41876.4
Ca;20;46;42805.6
Ca;20;47;43737.8
Ca;20;48;44667.5
Ca;20;49;45601.9
Ca;20;50;46535.1
Ca;20;51;47470.3
Ca;20;52;48405.2
Ca;20;53;49341.3
Ca;20;54;50277.1
Ca;20;55;51214.1
Ca;20;56;52150.4
Ca;20;57;53088.1
Sc;21;36;33547.7
Sc;21;37;34468.2
Sc;21;38;35391.8
Sc;21;39;36314.1
Sc;21;40;37239.3
Sc;21;41;38162.7
Sc;21;42;39090.6
Sc;21;43;40018.1
Sc;21;44;40947.9
Sc;21;45;41876.2
Sc;21;46;42807.0
Sc;21;47;43735.9
Sc;21;48;44667.2
Sc;21;49;45596.6
Sc;21;50;46530.2
Sc;21;51;47463.0
Sc;21;52;48397.4
Sc;21;53;49331.2
Sc;21;54;50266.2
Sc;21;55;51201.8
Sc;21;56;52138.2
Sc;21;57;53073.7
Sc;21;58;54010.9
Sc;21;59;54947.0
Ti;22;38;35405.9
Ti;22;39;36329.5
Ti;22;40;37250.9
Ti;22;41;38175.5
Ti;22;42;39097.6
Ti;22;43;40024.9
Ti;22;44;40948.2
Ti;22;45;41878.2
Ti;22;46;42804.6
Ti;22;47;43735.3
Ti;22;48;44663.2
Ti;22;49;45594.7
Ti;22;50;46523.3
Ti;22;51;47456.5
Ti;22;52;48388.2
Ti;22;53;49322.3
Ti;22;54;50254.9
Ti;22;55;51190.3
Ti;22;56;52124.5
Ti;22;57;53060.6
Ti;22;58;53995.1
Ti;22;59;54932.1
Ti;22;60;55866.9
Ti;22;61;56804.4
V;23;40;37270.1
V;23;41;38191.0
V;23;42;39114.6
V;23;43;40036.2
V;23;44;40961.9
V;23;45;41885.4
V;23;46;42811.7
V;23;47;43738.2
V;23;48;44667.3
V;23;49;45595.2
V;23;50;46525.5
V;23;51;47454.0
V;23;52;48386.3
V;23;53;49317.3
V;23;54;50250.7
V;23;55;51183.0
V;23;56;52117.5
V;23;57;53050.8
V;23;58;53986.3
V;23;59;54920.2
V;23;60;55856.6
V;23;61;56790.8
V;23;62;57727.6
V;23;63;58662.5
Cr;24;42;39128.7
Cr;24;43;40052.1
Cr;24;44;40972.2
Cr;24;45;41897.9
Cr;24;46;42819.3
Cr;24;47;43745.7
Cr;24;48;44668.9
Cr;24;49;45597.8
Cr;24;50;46524.4
Cr;24;51;47454.8
Cr;24;52;48382.3
Cr;24;53;49313.9
Cr;24;54;50243.8
Cr;24;55;51177.0
Cr;24;56;52108.3
Cr;24;57;53042.8
Cr;24;58;53974.7
Cr;24;59;54910.3
Cr;24;60;55842.8
Cr;24;61;56778.4
Cr;24;62;57711.5
Cr;24;63;58648.6
Cr;24;64;59582.3
Cr;24;65;60519.5
Mn;25;44;40992.2
Mn;25;45;41912.1
Mn;25;46;42836.3
Mn;25;47;43758.0
Mn;25;48;44682.7
Mn;25;49;45605.6
Mn;25;50;46532.0
Mn;25;51;47457.9
Mn;25;52;48387.0
Mn;25;53;49314.5
Mn;25;54;50245.2
Mn;25;55;51174.4
Mn;25;56;52106.8
Mn;25;57;53037.7
Mn;25;58;53970.8
Mn;25;59;54902.6
Mn;25;60;55836.7
Mn;25;61;56769.4
Mn;25;62;57704.2
Mn;25;63;58637.4
Mn;25;64;59572.5
Mn;25;65;60506.2
Mn;25;66;61442.1
Mn;25;67;62376.4
Fe;26;45;41930.8
Fe;26;46;42849.5
Fe;26;47;43773.6
Fe;26;48;44693.6
Fe;26;49;45618.6
Fe;26;50;46540.2
Fe;26;51;47466.0
Fe;26;52;48389.3
Fe;26;53;49318.2
Fe;26;54;50244.4
Fe;26;55;51174.7
Fe;26;56;52103.0
Fe;26;57;53035.0
Fe;26;58;53964.5
Fe;26;59;54897.5
Fe;26;60;55828.3
Fe;26;61;56762.2
Fe;26;62;57693.8
Fe;26;63;58628.3
Fe;26;64;59560.6
Fe;26;65;60495.8
Fe;26;66;61428.3
Fe;26;67;62363.5
Fe;26;68;63297.3
Fe;26;69;64233.7
Co;27;48;44713.4
Co;27;49;45633.6
Co;27;50;46557.5
Co;27;51;47478.9
Co;27;52;48403.8
Co;27;53;49326.5
Co;27;54;50252.7
Co;27;55;51178.1
Co;27;56;52107.6
Co;27;57;53035.8
Co;27;58;53966.9
Co;27;59;54895.9
Co;27;60;55828.0
Co;27;61;56758.3
Co;27;62;57691.2
Co;27;63;58622.3
Co;27;64;59555.8
Co;27;65;60488.0
Co;27;66;61422.5
Co;27;67;62354.8
Co;27;68;63289.8
Co;27;69;64222.0
Co;27;70;65157.8
Co;27;71;66091.1
Co;27;72;67027.0
Ni;28;50;46570.9
Ni;28;51;47494.7
Ni;28;52;48415.1
Ni;28;53;49339.8
Ni;28;54;50261.5
Ni;28;55;51186.8
Ni;28;56;52109.7
Ni;28;57;53039.1
Ni;28;58;53966.4
Ni;28;59;54897.0
Ni;28;60;55825.2
Ni;28;61;56757.0
Ni;28;62;57685.8
Ni;28;63;58618.6
Ni;28;64;59548.6
Ni;28;65;60482.0
Ni;28;66;61412.6
Ni;28;67;62346.4
Ni;28;68;63278.1
Ni;28;69;64212.7
Ni;28;70;65145.1
Ni;28;71;66080.2
Ni;28;72;67012.9
Ni;28;73;67948.9
Ni;28;74;68882.0
Ni;28;75;69818.3
Ni;28;76;70751.9
Ni;28;77;71688.5
Ni;28;78;72622.8
Cu;29;52;48435.1
Cu;29;53;49355.8
Cu;29;54;50279.0
Cu;29;55;51200.6
Cu;29;56;52125.1
Cu;29;57;53047.8
Cu;29;58;53975.0
Cu;29;59;54901.8
Cu;29;60;55831.3
Cu;29;61;56759.2
Cu;29;62;57689.8
Cu;29;63;58618.5
Cu;29;64;59550.2
Cu;29;65;60479.9
Cu;29;66;61412.4
Cu;29;67;62342.8
Cu;29;68;63276.0
Cu;29;69;64207.3
Cu;29;70;65141.6
Cu;29;71;66073.3
Cu;29;72;67007.5
Cu;29;73;67939.9
Cu;29;74;68874.9
Cu;29;75;69807.7
Cu;29;76;70743.2
Cu;29;77;71676.6
Cu;29;78;72612.6
Cu;29;79;73546.4
Cu;29;80;74484.0
Zn;30;54;50294.2
Zn;30;55;51217.3
Zn;30;56;52138.0
Zn;30;57;53062.5
Zn;30;58;53984.4
Zn;30;59;54910.9
Zn;30;60;55835.4
Zn;30;61;56764.8
Zn;30;62;57691.4
Zn;30;63;58621.9
Zn;30;64;59549.6
Zn;30;65;60481.2
Zn;30;66;61409.7
Zn;30;67;62342.2
Zn;30;68;63271.5
Zn;30;69;64204.7
Zn;30;70;65135.0
Zn;30;71;66068.7
Zn;30;72;66999.5
Zn;30;73;67933.7
Zn;30;74;68864.9
Zn;30;75;69799.5
Zn;30;76;70731.5
Zn;30;77;71666.4
Zn;30;78;72599.3
Zn;30;79;73534.7
Zn;30;80;74467.7
Zn;30;81;75404.9
Zn;30;82;76340.4
Ga;31;56;52158.9
Ga;31;57;53079.2
Ga;31;58;54002.6
Ga;31;59;54924.1
Ga;31;60;55849.7
Ga;31;61;56773.8
Ga;31;62;57700.7
Ga;31;63;58627.4
Ga;31;64;59556.7
Ga;31;65;60484.4
Ga;31;66;61414.9
Ga;31;67;62343.2
Ga;31;68;63274.5
Ga;31;69;64203.8
Ga;31;70;65135.7
Ga;31;71;66065.9
Ga;31;72;66999.0
Ga;31;73;67929.4
Ga;31;74;68862.5
Ga;31;75;69793.6
Ga;31;76;70727.3
Ga;31;77;71659.2
Ga;31;78;72592.9
Ga;31;79;73525.5
Ga;31;80;74460.5
Ga;31;81;75393.0
Ga;31;82;76329.6
Ga;31;83;77264.5
Ga;31;84;78201.1
Ge;32;58;54018.3
Ge;32;59;54941.1
Ge;32;60;55861.9
Ge;32;61;56787.4
Ge;32;62;57710.4
Ge;32;63;58637.2
Ge;32;64;59561.2
Ge;32;65;60490.7
Ge;32;66;61417.0
Ge;32;67;62347.4
Ge;32;68;63274.6
Ge;32;69;64206.0
Ge;32;70;65134.1
Ge;32;71;66066.2
Ge;32;72;66995.0
Ge;32;73;67927.8
Ge;32;74;68857.2
Ge;32;75;69790.2
Ge;32;76;70720.3
Ge;32;77;71653.8
Ge;32;78;72584.7
Ge;32;79;73518.5
Ge;32;80;74450.0
Ge;32;81;75384.7
Ge;32;82;76316.9
Ge;32;83;77253.0
Ge;32;84;78187.1
Ge;32;85;79123.6
Ge;32;86;80058.5
As;33;60;55883.2
As;33;61;56803.1
As;33;62;57727.7
As;33;63;58650.3
As;33;64;59576.1
As;33;65;60500.1
As;33;66;61426.8
As;33;67;62353.5
As;33;68;63282.7
As;33;69;64210.0
As;33;70;65140.2
As;33;71;66068.2
As;33;72;66999.4
As;33;73;67928.1
As;33;74;68859.7
As;33;75;69789.0
As;33;76;70721.3
As;33;77;71651.1
As;33;78;72583.7
As;33;79;73514.3
As;33;80;74447.4
As;33;81;75378.5
As;33;82;76312.2
As;33;83;77244.1
As;33;84;78179.5
As;33;85;79113.5
As;33;86;80049.1
As;33;87;80983.7
As;33;88;81919.9
As;33;89;82855.6
Se;34;65;60514.2
Se;34;66;61436.9
Se;34;67;62363.6
Se;34;68;63287.5
Se;34;69;64216.8
Se;34;70;65142.6
Se;34;71;66073.0
Se;34;72;66999.7
Se;34;73;67930.9
Se;34;74;68858.4
Se;34;75;69789.9
Se;34;76;70718.3
Se;34;77;71650.4
Se;34;78;72579.5
Se;34;79;73512.1
Se;34;80;74441.7
Se;34;81;75374.6
Se;34;82;76304.9
Se;34;83;77238.6
Se;34;84;78169.6
Se;34;85;79104.5
Se;34;86;80038.0
Se;34;87;80973.4
Se;34;88;81907.6
Se;34;89;82843.4
Se;34;90;83778.0
Se;34;91;84715.1
Se;34;92;85650.2
Br;35;67;62377.3
Br;35;68;63302.8
Br;35;69;64226.7
Br;35;70;65153.0
Br;35;71;66079.5
Br;35;72;67008.4
Br;35;73;67935.5
Br;35;74;68865.3
Br;35;75;69792.9
Br;35;76;70723.2
Br;35;77;71651.8
Br;35;78;72583.0
Br;35;79;73511.9
Br;35;80;74443.6
Br;35;81;75373.1
Br;35;82;76305.0
Br;35;83;77235.0
Br;35;84;78167.7
Br;35;85;79098.4
Br;35;86;80032.8
Br;35;87;80966.1
Br;35;88;81900.8
Br;35;89;82834.4
Br;35;90;83769.8
Br;35;91;84704.5
Br;35;92;85640.9
Br;35;93;86575.9
Br;35;94;87512.7
Kr;36;69;64240.8
Kr;36;70;65163.6
Kr;36;71;66090.0
Kr;36;72;67013.5
Kr;36;73;67942.1
Kr;36;74;68868.4
Kr;36;75;69797.8
Kr;36;76;70724.5
Kr;36;77;71654.9
Kr;36;78;72582.4
Kr;36;79;73513.6
Kr;36;80;74441.6
Kr;36;81;75373.3
Kr;36;82;76301.9
Kr;36;83;77234.0
Kr;36;84;78163.1
Kr;36;85;79095.5
Kr;36;86;80025.2
Kr;36;87;80959.3
Kr;36;88;81891.7
Kr;36;89;82826.2
Kr;36;90;83759.5
Kr;36;91;84694.6
Kr;36;92;85628.7
Kr;36;93;86565.0
Kr;36;94;87499.3
Kr;36;95;88435.9
Kr;36;96;89370.4
Kr;36;97;90307.0
Rb;37;71;66103.8
Rb;37;72;67029.5
Rb;37;73;67952.9
Rb;37;74;68878.9
Rb;37;75;69804.9
Rb;37;76;70733.1
Rb;37;77;71660.2
Rb;37;78;72589.6
Rb;37;79;73517.2
Rb;37;80;74447.3
Rb;37;81;75375.6
Rb;37;82;76306.3
Rb;37;83;77234.9
Rb;37;84;78165.8
Rb;37;85;79094.8
Rb;37;86;80025.8
Rb;37;87;80955.4
Rb;37;88;81888.9
Rb;37;89;82821.3
Rb;37;90;83755.1
Rb;37;91;84688.2
Rb;37;92;85622.7
Rb;37;93;86556.3
Rb;37;94;87491.9
Rb;37;95;88426.1
Rb;37;96;89362.2
Rb;37;97;90296.5
Rb;37;98;91232.1
Rb;37;99;92167.0
Rb;37;100;93102.7
Rb;37;101;94037.1
Rb;37;102;94974.2
Sr;38;73;67967.4
Sr;38;74;68889.9
Sr;38;75;69815.4
Sr;38;76;70739.1
Sr;38;77;71667.1
Sr;38;78;72593.4
Sr;38;79;73522.5
Sr;38;80;74449.2
Sr;38;81;75379.5
Sr;38;82;76306.5
Sr;38;83;77237.2
Sr;38;84;78164.8
Sr;38;85;79095.9
Sr;38;86;80024.0
Sr;38;87;80955.1
Sr;38;88;81883.5
Sr;38;89;82816.8
Sr;38;90;83748.5
Sr;38;91;84682.3
Sr;38;92;85614.5
Sr;38;93;86548.8
Sr;38;94;87481.6
Sr;38;95;88416.9
Sr;38;96;89350.5
Sr;38;97;90286.1
Sr;38;98;91219.8
Sr;38;99;92155.8
Sr;38;100;93089.1
Sr;38;101;94025.9
Sr;38;102;94959.3
Sr;38;103;95896.4
Sr;38;104;96830.7
Y;39;77;71678.1
Y;39;78;72603.9
Y;39;79;73529.6
Y;39;80;74458.3
Y;39;81;75385.0
Y;39;82;76314.3
Y;39;83;77241.6
Y;39;84;78171.4
Y;39;85;79099.1
Y;39;86;80029.2
Y;39;87;80957.0
Y;39;88;81887.2
Y;39;89;82815.2
Y;39;90;83748.0
Y;39;91;84679.6
Y;39;92;85612.6
Y;39;93;86544.7
Y;39;94;87478.1
Y;39;95;88410.7
Y;39;96;89345.1
Y;39;97;90278.6
Y;39;98;91213.9
Y;39;99;92147.7
Y;39;100;93082.1
Y;39;101;94015.7
Y;39;102;94950.9
Y;39;103;95885.2
Y;39;104;96820.4
Y;39;105;97755.6
Y;39;106;98691.8
Zr;40;79;73540.7
Zr;40;80;74464.2
Zr;40;81;75392.1
Zr;40;82;76318.3
Zr;40;83;77247.6
Zr;40;84;78174.0
Zr;40;85;79103.9
Zr;40;86;80030.7
Zr;40;87;80960.6
Zr;40;88;81887.8
Zr;40;89;82818.1
Zr;40;90;83745.7
Zr;40;91;84678.0
Zr;40;92;85609.0
Zr;40;93;86541.8
Zr;40;94;87473.2
Zr;40;95;88406.2
Zr;40;96;89338.0
Zr;40;97;90272.0
Zr;40;98;91205.1
Zr;40;99;92140.1
Zr;40;100;93072.8
Zr;40;101;94007.3
Zr;40;102;94940.7
Zr;40;103;95875.9
Zr;40;104;96809.2
Zr;40;105;97744.5
Zr;40;106;98678.8
Zr;40;107;99614.9
Zr;40;108;100549.0
Nb;41;81;75403.5
Nb;41;82;76329.5
Nb;41;83;77255.0
Nb;41;84;78183.6
Nb;41;85;79109.8
Nb;41;86;80038.6
Nb;41;87;80965.8
Nb;41;88;81895.1
Nb;41;89;82822.4
Nb;41;90;83751.8
Nb;41;91;84679.3
Nb;41;92;85611.0
Nb;41;93;86541.8
Nb;41;94;87474.1
Nb;41;95;88405.1
Nb;41;96;89337.8
Nb;41;97;90269.3
Nb;41;98;91202.9
Nb;41;99;92135.6
Nb;41;100;93069.5
Nb;41;101;94001.7
Nb;41;102;94936.0
Nb;41;103;95868.4
Nb;41;104;96802.7
Nb;41;105;97736.1
Nb;41;106;98671.3
Nb;41;107;99604.7
Nb;41;108;100541.0
Nb;41;109;101475.0
Nb;41;110;102411.0
Mo;42;83;77266.2
Mo;42;84;78189.7
Mo;42;85;79117.9
Mo;42;86;80043.9
Mo;42;87;80972.3
Mo;42;88;81898.8
Mo;42;89;82828.0
Mo;42;90;83754.3
Mo;42;91;84683.8
Mo;42;92;85610.6
Mo;42;93;86542.1
Mo;42;94;87472.0
Mo;42;95;88404.2
Mo;42;96;89334.7
Mo;42;97;90267.4
Mo;42;98;91198.3
Mo;42;99;92131.9
Mo;42;100;93063.2
Mo;42;101;93997.1
Mo;42;102;94928.6
Mo;42;103;95862.8
Mo;42;104;96795.3
Mo;42;105;97729.6
Mo;42;106;98662.0
Mo;42;107;99597.2
Mo;42;108;100531.0
Mo;42;109;101466.0
Mo;42;110;102399.0
Mo;42;111;103335.0
Mo;42;112;104269.0
Mo;42;113;105205.0
Tc;43;85;79129.4
Tc;43;86;80055.3
Tc;43;87;80980.8
Tc;43;88;81908.9
Tc;43;89;82835.4
Tc;43;90;83763.3
Tc;43;91;84689.9
Tc;43;92;85618.6
Tc;43;93;86545.3
Tc;43;94;87476.3
Tc;43;95;88406.0
Tc;43;96;89337.6
Tc;43;97;90267.7
Tc;43;98;91200.0
Tc;43;99;92130.6
Tc;43;100;93063.4
Tc;43;101;93994.3
Tc;43;102;94927.6
Tc;43;103;95859.1
Tc;43;104;96792.5
Tc;43;105;97724.9
Tc;43;106;98658.3
Tc;43;107;99590.7
Tc;43;108;100525.0
Tc;43;109;101458.0
Tc;43;110;102393.0
Tc;43;111;103326.0
Tc;43;112;104261.0
Tc;43;113;105195.0
Tc;43;114;106131.0
Tc;43;115;107064.0
Ru;44;87;80992.7
Ru;44;88;81916.0
Ru;44;89;82843.4
Ru;44;90;83769.1
Ru;44;91;84697.4
Ru;44;92;85623.0
Ru;44;93;86551.7
Ru;44;94;87477.9
Ru;44;95;88408.5
Ru;44;96;89337.4
Ru;44;97;90268.9
Ru;44;98;91198.2
Ru;44;99;92130.3
Ru;44;100;93060.2
Ru;44;101;93993.3
Ru;44;102;94923.0
Ru;44;103;95856.3
Ru;44;104;96786.9
Ru;44;105;97721.2
Ru;44;106;98651.7
Ru;44;107;99586.0
Ru;44;108;100518.0
Ru;44;109;101452.0
Ru;44;110;102384.0
Ru;44;111;103319.0
Ru;44;112;104252.0
Ru;44;113;105187.0
Ru;44;114;106120.0
Ru;44;115;107055.0
Ru;44;116;107988.0
Ru;44;117;108924.0
Ru;44;118;109858.0
Rh;45;89;82855.8
Rh;45;90;83781.3
Rh;45;91;84706.8
Rh;45;92;85634.1
Rh;45;93;86559.7
Rh;45;94;87487.5
Rh;45;95;88413.6
Rh;45;96;89343.8
Rh;45;97;90272.3
Rh;45;98;91203.2
Rh;45;99;92132.3
Rh;45;100;93063.8
Rh;45;101;93993.3
Rh;45;102;94925.8
Rh;45;103;95856.3
Rh;45;104;96788.7
Rh;45;105;97719.3
Rh;45;106;98651.7
Rh;45;107;99583.2
Rh;45;108;100517.0
Rh;45;109;101448.0
Rh;45;110;102381.0
Rh;45;111;103314.0
Rh;45;112;104248.0
Rh;45;113;105180.0
Rh;45;114;106115.0
Rh;45;115;107047.0
Rh;45;116;107983.0
Rh;45;117;108915.0
Rh;45;118;109850.0
Rh;45;119;110784.0
Rh;45;120;111720.0
Rh;45;121;112653.0
Pd;46;91;84718.9
Pd;46;92;85641.9
Pd;46;93;86569.2
Pd;46;94;87494.1
Pd;46;95;88421.8
Pd;46;96;89347.2
Pd;46;97;90277.1
Pd;46;98;91205.1
Pd;46;99;92135.8
Pd;46;100;93064.2
Pd;46;101;93995.2
Pd;46;102;94924.8
Pd;46;103;95856.3
Pd;46;104;96786.0
Pd;46;105;97718.4
Pd;46;106;98648.0
Pd;46;107;99581.4
Pd;46;108;100512.0
Pd;46;109;101445.0
Pd;46;110;102376.0
Pd;46;111;103310.0
Pd;46;112;104241.0
Pd;46;113;105175.0
Pd;46;114;106106.0
Pd;46;115;107042.0
Pd;46;116;107973.0
Pd;46;117;108908.0
Pd;46;118;109841.0
Pd;46;119;110776.0
Pd;46;120;111708.0
Pd;46;121;112644.0
Pd;46;122;113577.0
Pd;46;123;114512.0
Ag;47;94;87507.2
Ag;47;95;88431.9
Ag;47;96;89358.9
Ag;47;97;90284.1
Ag;47;98;91213.6
Ag;47;99;92141.2
Ag;47;100;93071.3
Ag;47;101;93999.9
Ag;47;102;94930.4
Ag;47;103;95859.1
Ag;47;104;96790.6
Ag;47;105;97720.2
Ag;47;106;98651.7
Ag;47;107;99581.4
Ag;47;108;100514.0
Ag;47;109;101444.0
Ag;47;110;102377.0
Ag;47;111;103307.0
Ag;47;112;104241.0
Ag;47;113;105172.0
Ag;47;114;106106.0
Ag;47;115;107037.0
Ag;47;116;107970.0
Ag;47;117;108903.0
Ag;47;118;109837.0
Ag;47;119;110770.0
Ag;47;120;111704.0
Ag;47;121;112636.0
Ag;47;122;113571.0
Ag;47;123;114504.0
Ag;47;124;115439.0
Ag;47;125;116372.0
Ag;47;126;117307.0
Ag;47;127;118241.0
Cd;48;96;89367.4
Cd;48;97;90294.3
Cd;48;98;91219.0
Cd;48;99;92148.0
Cd;48;100;93075.1
Cd;48;101;94005.4
Cd;48;102;94933.2
Cd;48;103;95862.8
Cd;48;104;96791.5
Cd;48;105;97722.1
Cd;48;106;98650.8
Cd;48;107;99583.2
Cd;48;108;100512.0
Cd;48;109;101444.0
Cd;48;110;102374.0
Cd;48;111;103306.0
Cd;48;112;104237.0
Cd;48;113;105169.0
Cd;48;114;106100.0
Cd;48;115;107033.0
Cd;48;116;107965.0
Cd;48;117;108898.0
Cd;48;118;109830.0
Cd;48;119;110764.0
Cd;48;120;111695.0
Cd;48;121;112630.0
Cd;48;122;113561.0
Cd;48;123;114496.0
Cd;48;124;115429.0
Cd;48;125;116363.0
Cd;48;126;117296.0
Cd;48;127;118231.0
Cd;48;128;119164.0
Cd;48;129;120099.0
Cd;48;130;121033.0
In;49;98;91232.6
In;49;99;92157.0
In;49;100;93085.3
In;49;101;94012.9
In;49;102;94942.5
In;49;103;95869.4
In;49;104;96799.0
In;49;105;97727.7
In;49;106;98657.3
In;49;107;99586.0
In;49;108;100518.0
In;49;109;101446.0
In;49;110;102378.0
In;49;111;103307.0
In;49;112;104240.0
In;49;113;105169.0
In;49;114;106102.0
In;49;115;107032.0
In;49;116;107965.0
In;49;117;108896.0
In;49;118;109829.0
In;49;119;110760.0
In;49;120;111694.0
In;49;121;112625.0
In;49;122;113558.0
In;49;123;114490.0
In;49;124;115424.0
In;49;125;116357.0
In;49;126;117290.0
In;49;127;118222.0
In;49;128;119157.0
In;49;129;120090.0
In;49;130;121024.0
In;49;131;121958.0
In;49;132;122895.0
In;49;133;123831.0
In;49;134;124769.0
Sn;50;100;93092.6
Sn;50;101;94021.3
Sn;50;102;94947.2
Sn;50;103;95876.8
Sn;50;104;96803.7
Sn;50;105;97733.3
Sn;50;106;98661.1
Sn;50;107;99591.6
Sn;50;108;100519.0
Sn;50;109;101450.0
Sn;50;110;102379.0
Sn;50;111;103310.0
Sn;50;112;104239.0
Sn;50;113;105170.0
Sn;50;114;106100.0
Sn;50;115;107031.0
Sn;50;116;107962.0
Sn;50;117;108894.0
Sn;50;118;109825.0
Sn;50;119;110757.0
Sn;50;120;111688.0
Sn;50;121;112621.0
Sn;50;122;113552.0
Sn;50;123;114486.0
Sn;50;124;115417.0
Sn;50;125;116351.0
Sn;50;126;117283.0
Sn;50;127;118216.0
Sn;50;128;119148.0
Sn;50;129;120082.0
Sn;50;130;121014.0
Sn;50;131;121948.0
Sn;50;132;122881.0
Sn;50;133;123818.0
Sn;50;134;124753.0
Sn;50;135;125691.0
Sn;50;136;126626.0
Sn;50;137;127564.0
Sb;51;103;95888.0
Sb;51;104;96815.8
Sb;51;105;97743.5
Sb;51;106;98672.2
Sb;51;107;99599.1
Sb;51;108;100529.0
Sb;51;109;101456.0
Sb;51;110;102387.0
Sb;51;111;103315.0
Sb;51;112;104245.0
Sb;51;113;105174.0
Sb;51;114;106106.0
Sb;51;115;107035.0
Sb;51;116;107967.0
Sb;51;117;108896.0
Sb;51;118;109829.0
Sb;51;119;110758.0
Sb;51;120;111691.0
Sb;51;121;112621.0
Sb;51;122;113554.0
Sb;51;123;114484.0
Sb;51;124;115418.0
Sb;51;125;116348.0
Sb;51;126;117282.0
Sb;51;127;118213.0
Sb;51;128;119146.0
Sb;51;129;120078.0
Sb;51;130;121012.0
Sb;51;131;121944.0
Sb;51;132;122877.0
Sb;51;133;123810.0
Sb;51;134;124747.0
Sb;51;135;125682.0
Sb;51;136;126619.0
Sb;51;137;127554.0
Sb;51;138;128491.0
Sb;51;139;129427.0
Te;52;106;98680.6
Te;52;107;99609.3
Te;52;108;100535.0
Te;52;109;101465.0
Te;52;110;102392.0
Te;52;111;103322.0
Te;52;112;104250.0
Te;52;113;105181.0
Te;52;114;106108.0
Te;52;115;107040.0
Te;52;116;107968.0
Te;52;117;108900.0
Te;52;118;109829.0
Te;52;119;110760.0
Te;52;120;111690.0
Te;52;121;112622.0
Te;52;122;113552.0
Te;52;123;114484.0
Te;52;124;115415.0
Te;52;125;116347.0
Te;52;126;117278.0
Te;52;127;118211.0
Te;52;128;119142.0
Te;52;129;120076.0
Te;52;130;121007.0
Te;52;131;121941.0
Te;52;132;122872.0
Te;52;133;123806.0
Te;52;134;124738.0
Te;52;135;125673.0
Te;52;136;126609.0
Te;52;137;127545.0
Te;52;138;128480.0
Te;52;139;129417.0
Te;52;140;130352.0
Te;52;141;131288.0
Te;52;142;132224.0
I;53;108;100548.0
I;53;109;101475.0
I;53;110;102404.0
I;53;111;103331.0
I;53;112;104260.0
I;53;113;105188.0
I;53;114;106118.0
I;53;115;107045.0
I;53;116;107976.0
I;53;117;108905.0
I;53;118;109835.0
I;53;119;110764.0
I;53;120;111695.0
I;53;121;112624.0
I;53;122;113557.0
I;53;123;114486.0
I;53;124;115418.0
I;53;125;116348.0
I;53;126;117281.0
I;53;127;118210.0
I;53;128;119144.0
I;53;129;120074.0
I;53;130;121008.0
I;53;131;121938.0
I;53;132;122872.0
I;53;133;123803.0
I;53;134;124736.0
I;53;135;125668.0
I;53;136;126604.0
I;53;137;127538.0
I;53;138;128474.0
I;53;139;129409.0
I;53;140;130345.0
I;53;141;131280.0
I;53;142;132216.0
I;53;143;133151.0
I;53;144;134089.0
Xe;54;110;102412.0
Xe;54;111;103342.0
Xe;54;112;104268.0
Xe;54;113;105196.0
Xe;54;114;106123.0
Xe;54;115;107054.0
Xe;54;116;107981.0
Xe;54;117;108911.0
Xe;54;118;109839.0
Xe;54;119;110770.0
Xe;54;120;111697.0
Xe;54;121;112628.0
Xe;54;122;113558.0
Xe;54;123;114488.0
Xe;54;124;115418.0
Xe;54;125;116349.0
Xe;54;126;117279.0
Xe;54;127;118211.0
Xe;54;128;119142.0
Xe;54;129;120074.0
Xe;54;130;121005.0
Xe;54;131;121937.0
Xe;54;132;122868.0
Xe;54;133;123801.0
Xe;54;134;124732.0
Xe;54;135;125665.0
Xe;54;136;126597.0
Xe;54;137;127533.0
Xe;54;138;128466.0
Xe;54;139;129402.0
Xe;54;140;130337.0
Xe;54;141;131273.0
Xe;54;142;132207.0
Xe;54;143;133143.0
Xe;54;144;134077.0
Xe;54;145;135014.0
Xe;54;146;135949.0
Xe;54;147;136886.0
Cs;55;112;104281.0
Cs;55;113;105208.0
Cs;55;114;106135.0
Cs;55;115;107062.0
Cs;55;116;107991.0
Cs;55;117;108919.0
Cs;55;118;109848.0
Cs;55;119;110775.0
Cs;55;120;111706.0
Cs;55;121;112633.0
Cs;55;122;113564.0
Cs;55;123;114493.0
Cs;55;124;115423.0
Cs;55;125;116353.0
Cs;55;126;117283.0
Cs;55;127;118213.0
Cs;55;128;119146.0
Cs;55;129;120075.0
Cs;55;130;121008.0
Cs;55;131;121937.0
Cs;55;132;122870.0
Cs;55;133;123800.0
Cs;55;134;124734.0
Cs;55;135;125664.0
Cs;55;136;126597.0
Cs;55;137;127528.0
Cs;55;138;128463.0
Cs;55;139;129397.0
Cs;55;140;130332.0
Cs;55;141;131266.0
Cs;55;142;132201.0
Cs;55;143;133136.0
Cs;55;144;134072.0
Cs;55;145;135006.0
Cs;55;146;135942.0
Cs;55;147;136877.0
Cs;55;148;137814.0
Cs;55;149;138749.0
Cs;55;150;139685.0
Cs;55;151;140620.0
Ba;56;114;106145.0
Ba;56;115;107073.0
Ba;56;116;107999.0
Ba;56;117;108928.0
Ba;56;118;109854.0
Ba;56;119;110784.0
Ba;56;120;111710.0
Ba;56;121;112640.0
Ba;56;122;113568.0
Ba;56;123;114498.0
Ba;56;124;115426.0
Ba;56;125;116358.0
Ba;56;126;117285.0
Ba;56;127;118217.0
Ba;56;128;119146.0
Ba;56;129;120078.0
Ba;56;130;121007.0
Ba;56;131;121939.0
Ba;56;132;122869.0
Ba;56;133;123801.0
Ba;56;134;124732.0
Ba;56;135;125664.0
Ba;56;136;126595.0
Ba;56;137;127527.0
Ba;56;138;128458.0
Ba;56;139;129393.0
Ba;56;140;130326.0
Ba;56;141;131261.0
Ba;56;142;132194.0
Ba;56;143;133130.0
Ba;56;144;134063.0
Ba;56;145;134999.0
Ba;56;146;135933.0
Ba;56;147;136868.0
Ba;56;148;137803.0
Ba;56;149;138739.0
Ba;56;150;139674.0
Ba;56;151;140610.0
Ba;56;152;141544.0
Ba;56;153;142481.0
La;57;117;108938.0
La;57;118;109867.0
La;57;119;110793.0
La;57;120;111722.0
La;57;121;112648.0
La;57;122;113578.0
La;57;123;114505.0
La;57;124;115435.0
La;57;125;116363.0
La;57;126;117293.0
La;57;127;118221.0
La;57;128;119152.0
La;57;129;120082.0
La;57;130;121012.0
La;57;131;121942.0
La;57;132;122873.0
La;57;133;123803.0
La;57;134;124735.0
La;57;135;125665.0
La;57;136;126597.0
La;57;137;127527.0
La;57;138;128460.0
La;57;139;129390.0
La;57;140;130324.0
La;57;141;131258.0
La;57;142;132192.0
La;57;143;133125.0
La;57;144;134061.0
La;57;145;134994.0
La;57;146;135929.0
La;57;147;136863.0
La;57;148;137798.0
La;57;149;138731.0
La;57;150;139667.0
La;57;151;140602.0
La;57;152;141537.0
La;57;153;142471.0
La;57;154;143407.0
La;57;155;144342.0
Ce;58;119;110804.0
Ce;58;120;111730.0
Ce;58;121;112659.0
Ce;58;122;113585.0
Ce;58;123;114514.0
Ce;58;124;115441.0
Ce;58;125;116371.0
Ce;58;126;117297.0
Ce;58;127;118228.0
Ce;58;128;119156.0
Ce;58;129;120086.0
Ce;58;130;121015.0
Ce;58;131;121946.0
Ce;58;132;122874.0
Ce;58;133;123807.0
Ce;58;134;124735.0
Ce;58;135;125667.0
Ce;58;136;126597.0
Ce;58;137;127529.0
Ce;58;138;128459.0
Ce;58;139;129391.0
Ce;58;140;130321.0
Ce;58;141;131255.0
Ce;58;142;132187.0
Ce;58;143;133122.0
Ce;58;144;134055.0
Ce;58;145;134989.0
Ce;58;146;135923.0
Ce;58;147;136858.0
Ce;58;148;137790.0
Ce;58;149;138726.0
Ce;58;150;139659.0
Ce;58;151;140594.0
Ce;58;152;141527.0
Ce;58;153;142464.0
Ce;58;154;143397.0
Ce;58;155;144333.0
Ce;58;156;145267.0
Ce;58;157;146204.0
Pr;59;121;112669.0
Pr;59;122;113598.0
Pr;59;123;114523.0
Pr;59;124;115452.0
Pr;59;125;116379.0
Pr;59;126;117308.0
Pr;59;127;118235.0
Pr;59;128;119165.0
Pr;59;129;120093.0
Pr;59;130;121022.0
Pr;59;131;121951.0
Pr;59;132;122882.0
Pr;59;133;123810.0
Pr;59;134;124742.0
Pr;59;135;125671.0
Pr;59;136;126602.0
Pr;59;137;127532.0
Pr;59;138;128463.0
Pr;59;139;129393.0
Pr;59;140;130324.0
Pr;59;141;131255.0
Pr;59;142;132188.0
Pr;59;143;133121.0
Pr;59;144;134054.0
Pr;59;145;134987.0
Pr;59;146;135922.0
Pr;59;147;136854.0
Pr;59;148;137788.0
Pr;59;149;138722.0
Pr;59;150;139656.0
Pr;59;151;140589.0
Pr;59;152;141524.0
Pr;59;153;142457.0
Pr;59;154;143391.0
Pr;59;155;144326.0
Pr;59;156;145261.0
Pr;59;157;146195.0
Pr;59;158;147131.0
Pr;59;159;148066.0
Nd;60;126;117315.0
Nd;60;127;118245.0
Nd;60;128;119171.0
Nd;60;129;120100.0
Nd;60;130;121028.0
Nd;60;131;121958.0
Nd;60;132;122885.0
Nd;60;133;123816.0
Nd;60;134;124745.0
Nd;60;135;125675.0
Nd;60;136;126604.0
Nd;60;137;127536.0
Nd;60;138;128464.0
Nd;60;139;129396.0
Nd;60;140;130324.0
Nd;60;141;131257.0
Nd;60;142;132186.0
Nd;60;143;133120.0
Nd;60;144;134051.0
Nd;60;145;134986.0
Nd;60;146;135917.0
Nd;60;147;136851.0
Nd;60;148;137784.0
Nd;60;149;138718.0
Nd;60;150;139651.0
Nd;60;151;140585.0
Nd;60;152;141517.0
Nd;60;153;142452.0
Nd;60;154;143384.0
Nd;60;155;144319.0
Nd;60;156;145253.0
Nd;60;157;146188.0
Nd;60;158;147122.0
Nd;60;159;148057.0
Nd;60;160;148992.0
Nd;60;161;149928.0
Pm;61;128;119183.0
Pm;61;129;120110.0
Pm;61;130;121038.0
Pm;61;131;121966.0
Pm;61;132;122896.0
Pm;61;133;123824.0
Pm;61;134;124753.0
Pm;61;135;125682.0
Pm;61;136;126611.0
Pm;61;137;127541.0
Pm;61;138;128471.0
Pm;61;139;129400.0
Pm;61;140;130331.0
Pm;61;141;131261.0
Pm;61;142;132191.0
Pm;61;143;133121.0
Pm;61;144;134054.0
Pm;61;145;134986.0
Pm;61;146;135919.0
Pm;61;147;136850.0
Pm;61;148;137784.0
Pm;61;149;138716.0
Pm;61;150;139651.0
Pm;61;151;140582.0
Pm;61;152;141515.0
Pm;61;153;142448.0
Pm;61;154;143382.0
Pm;61;155;144315.0
Pm;61;156;145249.0
Pm;61;157;146182.0
Pm;61;158;147117.0
Pm;61;159;148051.0
Pm;61;160;148986.0
Pm;61;161;149920.0
Pm;61;162;150855.0
Pm;61;163;151791.0
Sm;62;130;121047.0
Sm;62;131;121975.0
Sm;62;132;122902.0
Sm;62;133;123832.0
Sm;62;134;124759.0
Sm;62;135;125688.0
Sm;62;136;126616.0
Sm;62;137;127547.0
Sm;62;138;128475.0
Sm;62;139;129405.0
Sm;62;140;130334.0
Sm;62;141;131264.0
Sm;62;142;132193.0
Sm;62;143;133124.0
Sm;62;144;134053.0
Sm;62;145;134986.0
Sm;62;146;135917.0
Sm;62;147;136850.0
Sm;62;148;137782.0
Sm;62;149;138715.0
Sm;62;150;139647.0
Sm;62;151;140581.0
Sm;62;152;141513.0
Sm;62;153;142446.0
Sm;62;154;143377.0
Sm;62;155;144312.0
Sm;62;156;145244.0
Sm;62;157;146177.0
Sm;62;158;147111.0
Sm;62;159;148045.0
Sm;62;160;148978.0
Sm;62;161;149914.0
Sm;62;162;150847.0
Sm;62;163;151782.0
Sm;62;164;152717.0
Sm;62;165;153653.0
Eu;63;132;122914.0
Eu;63;133;123841.0
Eu;63;134;124770.0
Eu;63;135;125698.0
Eu;63;136;126627.0
Eu;63;137;127554.0
Eu;63;138;128484.0
Eu;63;139;129412.0
Eu;63;140;130342.0
Eu;63;141;131271.0
Eu;63;142;132200.0
Eu;63;143;133129.0
Eu;63;144;134060.0
Eu;63;145;134988.0
Eu;63;146;135921.0
Eu;63;147;136852.0
Eu;63;148;137785.0
Eu;63;149;138716.0
Eu;63;150;139650.0
Eu;63;151;140581.0
Eu;63;152;141514.0
Eu;63;153;142445.0
Eu;63;154;143378.0
Eu;63;155;144310.0
Eu;63;156;145243.0
Eu;63;157;146175.0
Eu;63;158;147109.0
Eu;63;159;148041.0
Eu;63;160;148976.0
Eu;63;161;149909.0
Eu;63;162;150843.0
Eu;63;163;151777.0
Eu;63;164;152712.0
Eu;63;165;153646.0
Eu;63;166;154581.0
Eu;63;167;155516.0
Gd;64;136;126634.0
Gd;64;137;127563.0
Gd;64;138;128490.0
Gd;64;139;129420.0
Gd;64;140;130348.0
Gd;64;141;131277.0
Gd;64;142;132205.0
Gd;64;143;133136.0
Gd;64;144;134063.0
Gd;64;145;134994.0
Gd;64;146;135922.0
Gd;64;147;136854.0
Gd;64;148;137785.0
Gd;64;149;138717.0
Gd;64;150;139649.0
Gd;64;151;140581.0
Gd;64;152;141513.0
Gd;64;153;142446.0
Gd;64;154;143376.0
Gd;64;155;144310.0
Gd;64;156;145240.0
Gd;64;157;146174.0
Gd;64;158;147105.0
Gd;64;159;148039.0
Gd;64;160;148971.0
Gd;64;161;149905.0
Gd;64;162;150838.0
Gd;64;163;151772.0
Gd;64;164;152705.0
Gd;64;165;153640.0
Gd;64;166;154574.0
Gd;64;167;155509.0
Gd;64;168;156443.0
Gd;64;169;157379.0
Tb;65;138;128502.0
Tb;65;139;129429.0
Tb;65;140;130359.0
Tb;65;141;131286.0
Tb;65;142;132215.0
Tb;65;143;133143.0
Tb;65;144;134073.0
Tb;65;145;135000.0
Tb;65;146;135930.0
Tb;65;147;136859.0
Tb;65;148;137790.0
Tb;65;149;138721.0
Tb;65;150;139653.0
Tb;65;151;140584.0
Tb;65;152;141516.0
Tb;65;153;142447.0
Tb;65;154;143380.0
Tb;65;155;144310.0
Tb;65;156;145243.0
Tb;65;157;146174.0
Tb;65;158;147106.0
Tb;65;159;148038.0
Tb;65;160;148971.0
Tb;65;161;149903.0
Tb;65;162;150836.0
Tb;65;163;151769.0
Tb;65;164;152703.0
Tb;65;165;153636.0
Tb;65;166;154570.0
Tb;65;167;155504.0
Tb;65;168;156439.0
Tb;65;169;157372.0
Tb;65;170;158307.0
Tb;65;171;159242.0
Dy;66;140;130366.0
Dy;66;141;131295.0
Dy;66;142;132222.0
Dy;66;143;133151.0
Dy;66;144;134078.0
Dy;66;145;135008.0
Dy;66;146;135936.0
Dy;66;147;136865.0
Dy;66;148;137793.0
Dy;66;149;138725.0
Dy;66;150;139655.0
Dy;66;151;140587.0
Dy;66;152;141517.0
Dy;66;153;142450.0
Dy;66;154;143379.0
Dy;66;155;144313.0
Dy;66;156;145242.0
Dy;66;157;146175.0
Dy;66;158;147105.0
Dy;66;159;148039.0
Dy;66;160;148969.0
Dy;66;161;149903.0
Dy;66;162;150834.0
Dy;66;163;151767.0
Dy;66;164;152699.0
Dy;66;165;153633.0
Dy;66;166;154566.0
Dy;66;167;155500.0
Dy;66;168;156432.0
Dy;66;169;157367.0
Dy;66;170;158301.0
Dy;66;171;159235.0
Dy;66;172;160169.0
Dy;66;173;161105.0
Ho;67;142;132235.0
Ho;67;143;133162.0
Ho;67;144;134090.0
Ho;67;145;135017.0
Ho;67;146;135946.0
Ho;67;147;136874.0
Ho;67;148;137802.0
Ho;67;149;138731.0
Ho;67;150;139662.0
Ho;67;151;140592.0
Ho;67;152;141524.0
Ho;67;153;142453.0
Ho;67;154;143386.0
Ho;67;155;144315.0
Ho;67;156;145248.0
Ho;67;157;146177.0
Ho;67;158;147110.0
Ho;67;159;148040.0
Ho;67;160;148973.0
Ho;67;161;149903.0
Ho;67;162;150836.0
Ho;67;163;151767.0
Ho;67;164;152700.0
Ho;67;165;153631.0
Ho;67;166;154565.0
Ho;67;167;155497.0
Ho;67;168;156430.0
Ho;67;169;157364.0
Ho;67;170;158298.0
Ho;67;171;159231.0
Ho;67;172;160166.0
Ho;67;173;161099.0
Ho;67;174;162034.0
Ho;67;175;162969.0
Er;68;144;134099.0
Er;68;145;135027.0
Er;68;146;135953.0
Er;68;147;136882.0
Er;68;148;137809.0
Er;68;149;138739.0
Er;68;150;139666.0
Er;68;151;140597.0
Er;68;152;141527.0
Er;68;153;142458.0
Er;68;154;143388.0
Er;68;155;144319.0
Er;68;156;145249.0
Er;68;157;146181.0
Er;68;158;147111.0
Er;68;159;148043.0
Er;68;160;148973.0
Er;68;161;149905.0
Er;68;162;150836.0
Er;68;163;151768.0
Er;68;164;152699.0
Er;68;165;153632.0
Er;68;166;154563.0
Er;68;167;155496.0
Er;68;168;156428.0
Er;68;169;157362.0
Er;68;170;158293.0
Er;68;171;159228.0
Er;68;172;160160.0
Er;68;173;161094.0
Er;68;174;162028.0
Er;68;175;162963.0
Er;68;176;163896.0
Er;68;177;164832.0
Tm;69;146;135966.0
Tm;69;147;136893.0
Tm;69;148;137822.0
Tm;69;149;138749.0
Tm;69;150;139678.0
Tm;69;151;140604.0
Tm;69;152;141535.0
Tm;69;153;142465.0
Tm;69;154;143395.0
Tm;69;155;144325.0
Tm;69;156;145256.0
Tm;69;157;146186.0
Tm;69;158;147117.0
Tm;69;159;148047.0
Tm;69;160;148978.0
Tm;69;161;149908.0
Tm;69;162;150841.0
Tm;69;163;151771.0
Tm;69;164;152703.0
Tm;69;165;153633.0
Tm;69;166;154567.0
Tm;69;167;155497.0
Tm;69;168;156430.0
Tm;69;169;157361.0
Tm;69;170;158294.0
Tm;69;171;159226.0
Tm;69;172;160159.0
Tm;69;173;161093.0
Tm;69;174;162026.0
Tm;69;175;162959.0
Tm;69;176;163894.0
Tm;69;177;164827.0
Tm;69;178;165762.0
Tm;69;179;166696.0
Yb;70;148;137830.0
Yb;70;149;138758.0
Yb;70;150;139685.0
Yb;70;151;140614.0
Yb;70;152;141541.0
Yb;70;153;142471.0
Yb;70;154;143400.0
Yb;70;155;144331.0
Yb;70;156;145260.0
Yb;70;157;146191.0
Yb;70;158;147120.0
Yb;70;159;148052.0
Yb;70;160;148981.0
Yb;70;161;149913.0
Yb;70;162;150842.0
Yb;70;163;151774.0
Yb;70;164;152704.0
Yb;70;165;153636.0
Yb;70;166;154567.0
Yb;70;167;155499.0
Yb;70;168;156430.0
Yb;70;169;157362.0
Yb;70;170;158293.0
Yb;70;171;159226.0
Yb;70;172;160157.0
Yb;70;173;161091.0
Yb;70;174;162023.0
Yb;70;175;162956.0
Yb;70;176;163890.0
Yb;70;177;164823.0
Yb;70;178;165757.0
Yb;70;179;166691.0
Yb;70;180;167624.0
Yb;70;181;168559.0
Lu;71;150;139699.0
Lu;71;151;140625.0
Lu;71;152;141554.0
Lu;71;153;142480.0
Lu;71;154;143410.0
Lu;71;155;144339.0
Lu;71;156;145269.0
Lu;71;157;146198.0
Lu;71;158;147129.0
Lu;71;159;148058.0
Lu;71;160;148989.0
Lu;71;161;149918.0
Lu;71;162;150849.0
Lu;71;163;151779.0
Lu;71;164;152710.0
Lu;71;165;153641.0
Lu;71;166;154572.0
Lu;71;167;155502.0
Lu;71;168;156434.0
Lu;71;169;157365.0
Lu;71;170;158296.0
Lu;71;171;159228.0
Lu;71;172;160160.0
Lu;71;173;161092.0
Lu;71;174;162024.0
Lu;71;175;162956.0
Lu;71;176;163890.0
Lu;71;177;164822.0
Lu;71;178;165756.0
Lu;71;179;166688.0
Lu;71;180;167622.0
Lu;71;181;168556.0
Lu;71;182;169490.0
Lu;71;183;170424.0
Lu;71;184;171359.0
Hf;72;154;143417.0
Hf;72;155;144347.0
Hf;72;156;145275.0
Hf;72;157;146205.0
Hf;72;158;147134.0
Hf;72;159;148065.0
Hf;72;160;148993.0
Hf;72;161;149924.0
Hf;72;162;150853.0
Hf;72;163;151784.0
Hf;72;164;152713.0
Hf;72;165;153645.0
Hf;72;166;154574.0
Hf;72;167;155506.0
Hf;72;168;156436.0
Hf;72;169;157368.0
Hf;72;170;158298.0
Hf;72;171;159230.0
Hf;72;172;160160.0
Hf;72;173;161094.0
Hf;72;174;162024.0
Hf;72;175;162957.0
Hf;72;176;163888.0
Hf;72;177;164821.0
Hf;72;178;165754.0
Hf;72;179;166687.0
Hf;72;180;167620.0
Hf;72;181;168553.0
Hf;72;182;169486.0
Hf;72;183;170421.0
Hf;72;184;171353.0
Hf;72;185;172288.0
Hf;72;186;173222.0
Ta;73;156;145287.0
Ta;73;157;146215.0
Ta;73;158;147144.0
Ta;73;159;148073.0
Ta;73;160;149003.0
Ta;73;161;149931.0
Ta;73;162;150862.0
Ta;73;163;151791.0
Ta;73;164;152722.0
Ta;73;165;153651.0
Ta;73;166;154581.0
Ta;73;167;155511.0
Ta;73;168;156443.0
Ta;73;169;157372.0
Ta;73;170;158304.0
Ta;73;171;159233.0
Ta;73;172;160166.0
Ta;73;173;161096.0
Ta;73;174;162028.0
Ta;73;175;162959.0
Ta;73;176;163892.0
Ta;73;177;164822.0
Ta;73;178;165756.0
Ta;73;179;166687.0
Ta;73;180;167620.0
Ta;73;181;168552.0
Ta;73;182;169485.0
Ta;73;183;170418.0
Ta;73;184;171352.0
Ta;73;185;172285.0
Ta;73;186;173220.0
Ta;73;187;174152.0
Ta;73;188;175087.0
W;74;158;147152.0
W;74;159;148081.0
W;74;160;149009.0
W;74;161;149940.0
W;74;162;150868.0
W;74;163;151799.0
W;74;164;152727.0
W;74;165;153657.0
W;74;166;154586.0
W;74;167;155518.0
W;74;168;156446.0
W;74;169;157378.0
W;74;170;158306.0
W;74;171;159238.0
W;74;172;160168.0
W;74;173;161100.0
W;74;174;162030.0
W;74;175;162962.0
W;74;176;163893.0
W;74;177;164825.0
W;74;178;165756.0
W;74;179;166688.0
W;74;180;167620.0
W;74;181;168552.0
W;74;182;169483.0
W;74;183;170417.0
W;74;184;171349.0
W;74;185;172283.0
W;74;186;173215.0
W;74;187;174149.0
W;74;188;175082.0
W;74;189;176017.0
W;74;190;176949.0
Re;75;160;149021.0
Re;75;161;149950.0
Re;75;162;150880.0
Re;75;163;151807.0
Re;75;164;152737.0
Re;75;165;153666.0
Re;75;166;154596.0
Re;75;167;155525.0
Re;75;168;156456.0
Re;75;169;157384.0
Re;75;170;158315.0
Re;75;171;159244.0
Re;75;172;160175.0
Re;75;173;161105.0
Re;75;174;162036.0
Re;75;175;162966.0
Re;75;176;163898.0
Re;75;177;164828.0
Re;75;178;165760.0
Re;75;179;166691.0
Re;75;180;167623.0
Re;75;181;168554.0
Re;75;182;169486.0
Re;75;183;170418.0
Re;75;184;171351.0
Re;75;185;172283.0
Re;75;186;173216.0
Re;75;187;174148.0
Re;75;188;175082.0
Re;75;189;176014.0
Re;75;190;176948.0
Re;75;191;177881.0
Re;75;192;178815.0
Os;76;162;150887.0
Os;76;163;151817.0
Os;76;164;152745.0
Os;76;165;153674.0
Os;76;166;154603.0
Os;76;167;155533.0
Os;76;168;156461.0
Os;76;169;157392.0
Os;76;170;158320.0
Os;76;171;159251.0
Os;76;172;160180.0
Os;76;173;161111.0
Os;76;174;162040.0
Os;76;175;162971.0
Os;76;176;163901.0
Os;76;177;164833.0
Os;76;178;165762.0
Os;76;179;166695.0
Os;76;180;167624.0
Os;76;181;168557.0
Os;76;182;169487.0
Os;76;183;170420.0
Os;76;184;171350.0
Os;76;185;172284.0
Os;76;186;173215.0
Os;76;187;174148.0
Os;76;188;175080.0
Os;76;189;176013.0
Os;76;190;176945.0
Os;76;191;177879.0
Os;76;192;178811.0
Os;76;193;179745.0
Os;76;194;180677.0
Os;76;195;181612.0
Os;76;196;182545.0
Ir;77;165;153685.0
Ir;77;166;154615.0
Ir;77;167;155543.0
Ir;77;168;156472.0
Ir;77;169;157400.0
Ir;77;170;158331.0
Ir;77;171;159259.0
Ir;77;172;160190.0
Ir;77;173;161119.0
Ir;77;174;162049.0
Ir;77;175;162978.0
Ir;77;176;163909.0
Ir;77;177;164838.0
Ir;77;178;165770.0
Ir;77;179;166699.0
Ir;77;180;167631.0
Ir;77;181;168561.0
Ir;77;182;169493.0
Ir;77;183;170423.0
Ir;77;184;171355.0
Ir;77;185;172286.0
Ir;77;186;173219.0
Ir;77;187;174149.0
Ir;77;188;175083.0
Ir;77;189;176014.0
Ir;77;190;176948.0
Ir;77;191;177879.0
Ir;77;192;178812.0
Ir;77;193;179744.0
Ir;77;194;180677.0
Ir;77;195;181610.0
Ir;77;196;182543.0
Ir;77;197;183476.0
Ir;77;198;184410.0
Ir;77;199;185343.0
Pt;78;168;156480.0
Pt;78;169;157409.0
Pt;78;170;158337.0
Pt;78;171;159268.0
Pt;78;172;160196.0
Pt;78;173;161126.0
Pt;78;174;162055.0
Pt;78;175;162985.0
Pt;78;176;163914.0
Pt;78;177;164845.0
Pt;78;178;165774.0
Pt;78;179;166705.0
Pt;78;180;167634.0
Pt;78;181;168566.0
Pt;78;182;169496.0
Pt;78;183;170428.0
Pt;78;184;171358.0
Pt;78;185;172290.0
Pt;78;186;173220.0
Pt;78;187;174153.0
Pt;78;188;175083.0
Pt;78;189;176016.0
Pt;78;190;176947.0
Pt;78;191;177880.0
Pt;78;192;178811.0
Pt;78;193;179744.0
Pt;78;194;180675.0
Pt;78;195;181609.0
Pt;78;196;182540.0
Pt;78;197;183474.0
Pt;78;198;184406.0
Pt;78;199;185340.0
Pt;78;200;186272.0
Pt;78;201;187207.0
Pt;78;202;188139.0
Au;79;171;159278.0
Au;79;172;160208.0
Au;79;173;161135.0
Au;79;174;162066.0
Au;79;175;162995.0
Au;79;176;163924.0
Au;79;177;164853.0
Au;79;178;165784.0
Au;79;179;166712.0
Au;79;180;167643.0
Au;79;181;168572.0
Au;79;182;169504.0
Au;79;183;170434.0
Au;79;184;171364.0
Au;79;185;172295.0
Au;79;186;173226.0
Au;79;187;174157.0
Au;79;188;175088.0
Au;79;189;176019.0
Au;79;190;176951.0
Au;79;191;177882.0
Au;79;192;178814.0
Au;79;193;179745.0
Au;79;194;180677.0
Au;79;195;181609.0
Au;79;196;182542.0
Au;79;197;183474.0
Au;79;198;184406.0
Au;79;199;185338.0
Au;79;200;186272.0
Au;79;201;187204.0
Au;79;202;188138.0
Au;79;203;189070.0
Au;79;204;190004.0
Au;79;205;190938.0
Hg;80;175;163003.0
Hg;80;176;163931.0
Hg;80;177;164861.0
Hg;80;178;165789.0
Hg;80;179;166721.0
Hg;80;180;167648.0
Hg;80;181;168580.0
Hg;80;182;169509.0
Hg;80;183;170440.0
Hg;80;184;171369.0
Hg;80;185;172300.0
Hg;80;186;173229.0
Hg;80;187;174161.0
Hg;80;188;175091.0
Hg;80;189;176023.0
Hg;80;190;176952.0
Hg;80;191;177885.0
Hg;80;192;178815.0
Hg;80;193;179748.0
Hg;80;194;180677.0
Hg;80;195;181611.0
Hg;80;196;182541.0
Hg;80;197;183474.0
Hg;80;198;184405.0
Hg;80;199;185338.0
Hg;80;200;186269.0
Hg;80;201;187202.0
Hg;80;202;188135.0
Hg;80;203;189068.0
Hg;80;204;190000.0
Hg;80;205;190934.0
Hg;80;206;191866.0
Hg;80;207;192803.0
Hg;80;208;193738.0
Tl;81;177;164872.0
Tl;81;178;165801.0
Tl;81;179;166729.0
Tl;81;180;167660.0
Tl;81;181;168588.0
Tl;81;182;169519.0
Tl;81;183;170448.0
Tl;81;184;171378.0
Tl;81;185;172307.0
Tl;81;186;173238.0
Tl;81;187;174167.0
Tl;81;188;175099.0
Tl;81;189;176028.0
Tl;81;190;176960.0
Tl;81;191;177889.0
Tl;81;192;178821.0
Tl;81;193;179751.0
Tl;81;194;180683.0
Tl;81;195;181613.0
Tl;81;196;182546.0
Tl;81;197;183476.0
Tl;81;198;184408.0
Tl;81;199;185339.0
Tl;81;200;186272.0
Tl;81;201;187203.0
Tl;81;202;188136.0
Tl;81;203;189067.0
Tl;81;204;190001.0
Tl;81;205;190932.0
Tl;81;206;191865.0
Tl;81;207;192798.0
Tl;81;208;193734.0
Tl;81;209;194668.0
Tl;81;210;195604.0
Pb;82;181;168598.0
Pb;82;182;169525.0
Pb;82;183;170456.0
Pb;82;184;171384.0
Pb;82;185;172315.0
Pb;82;186;173243.0
Pb;82;187;174174.0
Pb;82;188;175103.0
Pb;82;189;176035.0
Pb;82;190;176963.0
Pb;82;191;177895.0
Pb;82;192;178824.0
Pb;82;193;179756.0
Pb;82;194;180686.0
Pb;82;195;181617.0
Pb;82;196;182548.0
Pb;82;197;183479.0
Pb;82;198;184410.0
Pb;82;199;185342.0
Pb;82;200;186273.0
Pb;82;201;187205.0
Pb;82;202;188136.0
Pb;82;203;189068.0
Pb;82;204;190000.0
Pb;82;205;190932.0
Pb;82;206;191864.0
Pb;82;207;192797.0
Pb;82;208;193729.0
Pb;82;209;194665.0
Pb;82;210;195599.0
Pb;82;211;196535.0
Pb;82;212;197469.0
Pb;82;213;198405.0
Pb;82;214;199340.0
Bi;83;185;172325.0
Bi;83;186;173254.0
Bi;83;187;174183.0
Bi;83;188;175113.0
Bi;83;189;176043.0
Bi;83;190;176974.0
Bi;83;191;177902.0
Bi;83;192;178833.0
Bi;83;193;179763.0
Bi;83;194;180694.0
Bi;83;195;181624.0
Bi;83;196;182555.0
Bi;83;197;183485.0
Bi;83;198;184416.0
Bi;83;199;185347.0
Bi;83;200;186278.0
Bi;83;201;187209.0
Bi;83;202;188141.0
Bi;83;203;189072.0
Bi;83;204;190004.0
Bi;83;205;190935.0
Bi;83;206;191867.0
Bi;83;207;192799.0
Bi;83;208;193732.0
Bi;83;209;194664.0
Bi;83;210;195599.0
Bi;83;211;196533.0
Bi;83;212;197468.0
Bi;83;213;198403.0
Bi;83;214;199339.0
Bi;83;215;200273.0
Bi;83;216;201208.0
Po;84;190;176979.0
Po;84;191;177911.0
Po;84;192;178839.0
Po;84;193;179770.0
Po;84;194;180699.0
Po;84;195;181630.0
Po;84;196;182560.0
Po;84;197;183491.0
Po;84;198;184420.0
Po;84;199;185352.0
Po;84;200;186282.0
Po;84;201;187214.0
Po;84;202;188144.0
Po;84;203;189076.0
Po;84;204;190006.0
Po;84;205;190939.0
Po;84;206;191869.0
Po;84;207;192802.0
Po;84;208;193733.0
Po;84;209;194665.0
Po;84;210;195598.0
Po;84;211;196533.0
Po;84;212;197466.0
Po;84;213;198402.0
Po;84;214;199335.0
Po;84;215;200270.0
Po;84;216;201205.0
Po;84;217;202140.0
Po;84;218;203074.0
At;85;193;179778.0
At;85;194;180709.0
At;85;195;181639.0
At;85;196;182569.0
At;85;197;183498.0
At;85;198;184429.0
At;85;199;185359.0
At;85;200;186289.0
At;85;201;187219.0
At;85;202;188151.0
At;85;203;189081.0
At;85;204;190013.0
At;85;205;190943.0
At;85;206;191876.0
At;85;207;192806.0
At;85;208;193739.0
At;85;209;194669.0
At;85;210;195602.0
At;85;211;196533.0
At;85;212;197468.0
At;85;213;198402.0
At;85;214;199336.0
At;85;215;200270.0
At;85;216;201205.0
At;85;217;202139.0
At;85;218;203074.0
At;85;219;204007.0
At;85;220;204943.0
At;85;221;205877.0
At;85;222;206812.0
At;85;223;207746.0
Rn;86;196;182575.0
Rn;86;197;183506.0
Rn;86;198;184435.0
Rn;86;199;185365.0
Rn;86;200;186295.0
Rn;86;201;187227.0
Rn;86;202;188155.0
Rn;86;203;189087.0
Rn;86;204;190016.0
Rn;86;205;190949.0
Rn;86;206;191878.0
Rn;86;207;192811.0
Rn;86;208;193741.0
Rn;86;209;194673.0
Rn;86;210;195604.0
Rn;86;211;196537.0
Rn;86;212;197468.0
Rn;86;213;198403.0
Rn;86;214;199335.0
Rn;86;215;200270.0
Rn;86;216;201203.0
Rn;86;217;202138.0
Rn;86;218;203071.0
Rn;86;219;204006.0
Rn;86;220;204939.0
Rn;86;221;205874.0
Rn;86;222;206808.0
Rn;86;223;207744.0
Rn;86;224;208677.0
Rn;86;225;209612.0
Rn;86;226;210547.0
Rn;86;227;211482.0
Rn;86;228;212416.0
Fr;87;200;186304.0
Fr;87;201;187234.0
Fr;87;202;188165.0
Fr;87;203;189094.0
Fr;87;204;190026.0
Fr;87;205;190955.0
Fr;87;206;191886.0
Fr;87;207;192816.0
Fr;87;208;193748.0
Fr;87;209;194679.0
Fr;87;210;195610.0
Fr;87;211;196542.0
Fr;87;212;197473.0
Fr;87;213;198405.0
Fr;87;214;199339.0
Fr;87;215;200271.0
Fr;87;216;201206.0
Fr;87;217;202139.0
Fr;87;218;203073.0
Fr;87;219;204006.0
Fr;87;220;204940.0
Fr;87;221;205873.0
Fr;87;222;206808.0
Fr;87;223;207742.0
Fr;87;224;208676.0
Fr;87;225;209610.0
Fr;87;226;210545.0
Fr;87;227;211479.0
Fr;87;228;212414.0
Fr;87;229;213348.0
Fr;87;230;214284.0
Fr;87;231;215217.0
Fr;87;232;216153.0
Ra;88;203;189102.0
Ra;88;204;190030.0
Ra;88;205;190962.0
Ra;88;206;191891.0
Ra;88;207;192823.0
Ra;88;208;193753.0
Ra;88;209;194684.0
Ra;88;210;195614.0
Ra;88;211;196546.0
Ra;88;212;197477.0
Ra;88;213;198408.0
Ra;88;214;199340.0
Ra;88;215;200274.0
Ra;88;216;201206.0
Ra;88;217;202140.0
Ra;88;218;203072.0
Ra;88;219;204007.0
Ra;88;220;204939.0
Ra;88;221;205873.0
Ra;88;222;206806.0
Ra;88;223;207740.0
Ra;88;224;208673.0
Ra;88;225;209609.0
Ra;88;226;210541.0
Ra;88;227;211476.0
Ra;88;228;212410.0
Ra;88;229;213345.0
Ra;88;230;214278.0
Ra;88;231;215213.0
Ra;88;232;216148.0
Ra;88;233;217083.0
Ra;88;234;218017.0
Ac;89;207;192830.0
Ac;89;208;193761.0
Ac;89;209;194692.0
Ac;89;210;195622.0
Ac;89;211;196553.0
Ac;89;212;197484.0
Ac;89;213;198415.0
Ac;89;214;199346.0
Ac;89;215;200277.0
Ac;89;216;201211.0
Ac;89;217;202143.0
Ac;89;218;203077.0
Ac;89;219;204008.0
Ac;89;220;204943.0
Ac;89;221;205875.0
Ac;89;222;206808.0
Ac;89;223;207741.0
Ac;89;224;208675.0
Ac;89;225;209608.0
Ac;89;226;210542.0
Ac;89;227;211475.0
Ac;89;228;212410.0
Ac;89;229;213343.0
Ac;89;230;214277.0
Ac;89;231;215211.0
Ac;89;232;216146.0
Ac;89;233;217080.0
Ac;89;234;218014.0
Ac;89;235;218949.0
Ac;89;236;219884.0
Th;90;210;195628.0
Th;90;211;196559.0
Th;90;212;197489.0
Th;90;213;198420.0
Th;90;214;199350.0
Th;90;215;200282.0
Th;90;216;201213.0
Th;90;217;202146.0
Th;90;218;203078.0
Th;90;219;204012.0
Th;90;220;204944.0
Th;90;221;205877.0
Th;90;222;206808.0
Th;90;223;207743.0
Th;90;224;208674.0
Th;90;225;209609.0
Th;90;226;210541.0
Th;90;227;211475.0
Th;90;228;212408.0
Th;90;229;213342.0
Th;90;230;214274.0
Th;90;231;215209.0
Th;90;232;216142.0
Th;90;233;217077.0
Th;90;234;218011.0
Th;90;235;218946.0
Th;90;236;219879.0
Th;90;237;220814.0
Th;90;238;221748.0
Pa;91;213;198428.0
Pa;91;214;199359.0
Pa;91;215;200289.0
Pa;91;216;201220.0
Pa;91;217;202151.0
Pa;91;218;203084.0
Pa;91;219;204016.0
Pa;91;220;204949.0
Pa;91;221;205881.0
Pa;91;222;206814.0
Pa;91;223;207746.0
Pa;91;224;208679.0
Pa;91;225;209610.0
Pa;91;226;210544.0
Pa;91;227;211476.0
Pa;91;228;212410.0
Pa;91;229;213342.0
Pa;91;230;214276.0
Pa;91;231;215209.0
Pa;91;232;216143.0
Pa;91;233;217075.0
Pa;91;234;218010.0
Pa;91;235;218943.0
Pa;91;236;219878.0
Pa;91;237;220812.0
Pa;91;238;221746.0
Pa;91;239;222680.0
Pa;91;240;223615.0
U;92;218;203087.0
U;92;219;204020.0
U;92;220;204952.0
U;92;221;205884.0
U;92;222;206816.0
U;92;223;207749.0
U;92;224;208681.0
U;92;225;209613.0
U;92;226;210545.0
U;92;227;211478.0
U;92;228;212410.0
U;92;229;213343.0
U;92;230;214275.0
U;92;231;215209.0
U;92;232;216141.0
U;92;233;217075.0
U;92;234;218008.0
U;92;235;218942.0
U;92;236;219875.0
U;92;237;220810.0
U;92;238;221743.0
U;92;239;222677.0
U;92;240;223612.0
U;92;241;224546.0
U;92;242;225480.0
Np;93;225;209618.0
Np;93;226;210550.0
Np;93;227;211482.0
Np;93;228;212414.0
Np;93;229;213346.0
Np;93;230;214279.0
Np;93;231;215211.0
Np;93;232;216144.0
Np;93;233;217076.0
Np;93;234;218010.0
Np;93;235;218942.0
Np;93;236;219876.0
Np;93;237;220809.0
Np;93;238;221743.0
Np;93;239;222676.0
Np;93;240;223611.0
Np;93;241;224544.0
Np;93;242;225479.0
Np;93;243;226413.0
Np;93;244;227348.0
Pu;94;228;212417.0
Pu;94;229;213349.0
Pu;94;230;214281.0
Pu;94;231;215213.0
Pu;94;232;216145.0
Pu;94;233;217078.0
Pu;94;234;218010.0
Pu;94;235;218943.0
Pu;94;236;219875.0
Pu;94;237;220809.0
Pu;94;238;221742.0
Pu;94;239;222676.0
Pu;94;240;223609.0
Pu;94;241;224543.0
Pu;94;242;225477.0
Pu;94;243;226411.0
Pu;94;244;227344.0
Pu;94;245;228279.0
Pu;94;246;229213.0
Pu;94;247;230148.0
Am;95;231;215218.0
Am;95;232;216150.0
Am;95;233;217081.0
Am;95;234;218014.0
Am;95;235;218946.0
Am;95;236;219879.0
Am;95;237;220811.0
Am;95;238;221744.0
Am;95;239;222676.0
Am;95;240;223610.0
Am;95;241;224543.0
Am;95;242;225477.0
Am;95;243;226410.0
Am;95;244;227344.0
Am;95;245;228278.0
Am;95;246;229213.0
Am;95;247;230146.0
Am;95;248;231081.0
Am;95;249;232015.0
Cm;96;233;217086.0
Cm;96;234;218016.0
Cm;96;235;218950.0
Cm;96;236;219880.0
Cm;96;237;220813.0
Cm;96;238;221745.0
Cm;96;239;222678.0
Cm;96;240;223611.0
Cm;96;241;224544.0
Cm;96;242;225477.0
Cm;96;243;226410.0
Cm;96;244;227343.0
Cm;96;245;228277.0
Cm;96;246;229210.0
Cm;96;247;230144.0
Cm;96;248;231078.0
Cm;96;249;232013.0
Cm;96;250;232946.0
Cm;96;251;233881.0
Cm;96;252;234816.0
Bk;97;235;218954.0
Bk;97;236;219886.0
Bk;97;237;220817.0
Bk;97;238;221750.0
Bk;97;239;222681.0
Bk;97;240;223614.0
Bk;97;241;224546.0
Bk;97;242;225479.0
Bk;97;243;226412.0
Bk;97;244;227345.0
Bk;97;245;228278.0
Bk;97;246;229212.0
Bk;97;247;230144.0
Bk;97;248;231079.0
Bk;97;249;232012.0
Bk;97;250;232946.0
Bk;97;251;233880.0
Bk;97;252;234815.0
Bk;97;253;235749.0
Bk;97;254;236684.0
Cf;98;237;220822.0
Cf;98;238;221752.0
Cf;98;239;222686.0
Cf;98;240;223616.0
Cf;98;241;224550.0
Cf;98;242;225481.0
Cf;98;243;226414.0
Cf;98;244;227346.0
Cf;98;245;228279.0
Cf;98;246;229212.0
Cf;98;247;230145.0
Cf;98;248;231078.0
Cf;98;249;232012.0
Cf;98;250;232944.0
Cf;98;251;233880.0
Cf;98;252;234813.0
Cf;98;253;235747.0
Cf;98;254;236681.0
Cf;98;255;237616.0
Cf;98;256;238549.0
Es;99;240;223623.0
Es;99;241;224554.0
Es;99;242;225487.0
Es;99;243;226418.0
Es;99;244;227351.0
Es;99;245;228282.0
Es;99;246;229216.0
Es;99;247;230148.0
Es;99;248;231080.0
Es;99;249;232013.0
Es;99;250;232947.0
Es;99;251;233880.0
Es;99;252;234814.0
Es;99;253;235747.0
Es;99;254;236681.0
Es;99;255;237615.0
Es;99;256;238550.0
Es;99;257;239483.0
Fm;100;242;225490.0
Fm;100;243;226423.0
Fm;100;244;227353.0
Fm;100;245;228286.0
Fm;100;246;229217.0
Fm;100;247;230151.0
Fm;100;248;231082.0
Fm;100;249;232016.0
Fm;100;250;232948.0
Fm;100;251;233881.0
Fm;100;252;234813.0
Fm;100;253;235747.0
Fm;100;254;236681.0
Fm;100;255;237615.0
Fm;100;256;238548.0
Fm;100;257;239482.0
Fm;100;258;240416.0
Fm;100;259;241351.0
Md;101;245;228291.0
Md;101;246;229224.0
Md;101;247;230155.0
Md;101;248;231088.0
Md;101;249;232019.0
Md;101;250;232952.0
Md;101;251;233884.0
Md;101;252;234818.0
Md;101;253;235749.0
Md;101;254;236683.0
Md;101;255;237616.0
Md;101;256;238550.0
Md;101;257;239483.0
Md;101;258;240417.0
Md;101;259;241351.0
Md;101;260;242285.0
No;102;249;232024.0
No;102;250;232955.0
No;102;251;233888.0
No;102;252;234819.0
No;102;253;235753.0
No;102;254;236684.0
No;102;255;237618.0
No;102;256;238550.0
No;102;257;239484.0
No;102;258;240417.0
No;102;259;241351.0
No;102;260;242284.0
No;102;261;243219.0
No;102;262;244152.0
Lr;103;251;233893.0
Lr;103;252;234825.0
Lr;103;253;235756.0
Lr;103;254;236690.0
Lr;103;255;237621.0
Lr;103;256;238555.0
Lr;103;257;239487.0
Lr;103;258;240420.0
Lr;103;259;241353.0
Lr;103;260;242287.0
Lr;103;261;243220.0
Lr;103;262;244154.0
Lr;103;263;245086.0
Rf;104;253;235762.0
Rf;104;254;236693.0
Rf;104;255;237625.0
Rf;104;256;238557.0
Rf;104;257;239490.0
Rf;104;258;240422.0
Rf;104;259;241356.0
Rf;104;260;242287.0
Rf;104;261;243221.0
Rf;104;262;244154.0
Rf;104;263;245088.0
Rf;104;264;246021.0
Db;105;255;237631.0
Db;105;256;238563.0
Db;105;257;239495.0
Db;105;258;240427.0
Db;105;259;241359.0
Db;105;260;242292.0
Db;105;261;243224.0
Db;105;262;244158.0
Db;105;263;245090.0
Db;105;264;246023.0
Db;105;265;246957.0
Sg;106;258;240431.0
Sg;106;259;241364.0
Sg;106;260;242295.0
Sg;106;261;243228.0
Sg;106;262;244159.0
Sg;106;263;245093.0
Sg;106;264;246025.0
Sg;106;265;246959.0
Sg;106;266;247891.0
Bh;107;260;242302.0
Bh;107;261;243234.0
Bh;107;262;244166.0
Bh;107;263;245098.0
Bh;107;264;246031.0
Bh;107;265;246962.0
Bh;107;266;247896.0
Bh;107;267;248828.0
